{
  "images" : [
    {
      "idiom" : "universal",
      "scale" : "1x"
    },
    {
      "resizing" : {
        "mode" : "9-part",
        "center" : {
          "mode" : "stretch",
          "width" : 11,
          "height" : 23
        },
        "cap-insets" : {
          "bottom" : 24,
          "top" : 23,
          "right" : 27,
          "left" : 19
        }
      },
      "idiom" : "universal",
      "filename" : "redButton@2x.png",
      "scale" : "2x"
    },
    {
      "resizing" : {
        "mode" : "9-part",
        "center" : {
          "mode" : "stretch",
          "width" : 37,
          "height" : 50
        },
        "cap-insets" : {
          "bottom" : 23,
          "top" : 26,
          "right" : 29,
          "left" : 30
        }
      },
      "idiom" : "universal",
      "filename" : "redButton@3x.png",
      "scale" : "3x"
    }
  ],
  "info" : {
    "version" : 1,
    "author" : "xcode"
  }
}