{
  "images" : [
    {
      "idiom" : "universal",
      "scale" : "1x"
    },
    {
      "resizing" : {
        "mode" : "9-part",
        "center" : {
          "mode" : "stretch",
          "width" : 35,
          "height" : 20
        },
        "cap-insets" : {
          "bottom" : 22,
          "top" : 22,
          "right" : 24,
          "left" : 21
        }
      },
      "idiom" : "universal",
      "filename" : "blackButton@2x.png",
      "scale" : "2x"
    },
    {
      "resizing" : {
        "mode" : "9-part",
        "center" : {
          "mode" : "stretch",
          "width" : 75,
          "height" : 51
        },
        "cap-insets" : {
          "bottom" : 23,
          "top" : 28,
          "right" : 34,
          "left" : 29
        }
      },
      "idiom" : "universal",
      "filename" : "blackButton@3x.png",
      "scale" : "3x"
    }
  ],
  "info" : {
    "version" : 1,
    "author" : "xcode"
  }
}