{
  "images" : [
    {
      "idiom" : "universal",
      "scale" : "1x"
    },
    {
      "resizing" : {
        "mode" : "9-part",
        "center" : {
          "mode" : "stretch",
          "width" : 49,
          "height" : 29
        },
        "cap-insets" : {
          "bottom" : 19,
          "top" : 20,
          "right" : 24,
          "left" : 35
        }
      },
      "idiom" : "universal",
      "filename" : "greenButton@2x.png",
      "scale" : "2x"
    },
    {
      "resizing" : {
        "mode" : "9-part",
        "center" : {
          "mode" : "tile",
          "width" : 38,
          "height" : 56
        },
        "cap-insets" : {
          "bottom" : 21,
          "top" : 23,
          "right" : 27,
          "left" : 58
        }
      },
      "idiom" : "universal",
      "filename" : "greenButton@3x.png",
      "scale" : "3x"
    }
  ],
  "info" : {
    "version" : 1,
    "author" : "xcode"
  }
}